url;valid_format;reachable;status_code;final_url;redirected;error
https://www.sosuave.com/articles/at/the-creepy-myth-approach-younger-women-without-feeling-awkward.htm;True;True;200;https://www.sosuave.com/articles/at/the-creepy-myth-approach-younger-women-without-feeling-awkward.htm;False;
https://www.sosuave.com/articles/the-most-diabolical-test-a-woman-will-throw-at-you.htm;True;True;200;https://www.sosuave.com/articles/the-most-diabolical-test-a-woman-will-throw-at-you.htm;False;
https://www.sosuave.com/articles/at/why-mystery-attracts-women-and-how-to-use-it-most-effectively.htm;True;True;200;https://www.sosuave.com/articles/at/why-mystery-attracts-women-and-how-to-use-it-most-effectively.htm;False;
https://www.sosuave.com/articles/exf/3-reasons-why-your-ex-girlfriend-wants-you-back.htm;True;True;200;https://www.sosuave.com/articles/exf/3-reasons-why-your-ex-girlfriend-wants-you-back.htm;False;
https://www.sosuave.com/articles/at/how-to-tell-stories-that-captivate-women-and-pull-them-in.htm;True;True;200;https://www.sosuave.com/articles/at/how-to-tell-stories-that-captivate-women-and-pull-them-in.htm;False;
https://www.sosuave.com/articles/jr/become-confident-around-women-in-4-simple-steps.htm;True;True;200;https://www.sosuave.com/articles/jr/become-confident-around-women-in-4-simple-steps.htm;False;
https://www.sosuave.com/articles/exf/3-text-messages-to-send-your-ex-girlfriend-to-make-her-come-running-back-to-you.htm;True;True;200;https://www.sosuave.com/articles/exf/3-text-messages-to-send-your-ex-girlfriend-to-make-her-come-running-back-to-you.htm;False;
https://www.sosuave.com/articles/why-women-always-want-you-when-you-have-a-girlfriend.htm;True;True;200;https://www.sosuave.com/articles/why-women-always-want-you-when-you-have-a-girlfriend.htm;False;
https://www.sosuave.com/articles/at/she-judges-you-by-your-crew-before-you-say-a-word.htm;True;True;200;https://www.sosuave.com/articles/at/she-judges-you-by-your-crew-before-you-say-a-word.htm;False;
https://www.sosuave.com/articles/at/stop-chasing-energy-become-the-source.htm;True;True;200;https://www.sosuave.com/articles/at/stop-chasing-energy-become-the-source.htm;False;
https://www.sosuave.com/articles/at/what-women-say-what-women-mean-how-to-respond.htm;True;True;200;https://www.sosuave.com/articles/at/what-women-say-what-women-mean-how-to-respond.htm;False;
https://www.sosuave.com/rondavid/succeed59.htm;True;True;200;https://www.sosuave.com/rondavid/succeed59.htm;False;
https://www.sosuave.com/articles/at/how-to-reprogram-your-subconscious-mind-to-build-unshakable-confidence.htm;True;True;200;https://www.sosuave.com/articles/at/how-to-reprogram-your-subconscious-mind-to-build-unshakable-confidence.htm;False;
https://www.sosuave.com/articles/at/dating-arousal-hack-that-beats-conversation.htm;True;True;200;https://www.sosuave.com/articles/at/dating-arousal-hack-that-beats-conversation.htm;False;
https://www.sosuave.com/rondavid/succeed40.htm;True;True;200;https://www.sosuave.com/rondavid/succeed40.htm;False;
https://www.sosuave.com/articles/at/invisible-attraction-5-moves-women-wont-see-and-cant-resist.htm;True;True;200;https://www.sosuave.com/articles/at/invisible-attraction-5-moves-women-wont-see-and-cant-resist.htm;False;
https://www.sosuave.com/articles/at/how-to-be-the-most-exciting-man-in-the-room.htm;True;True;200;https://www.sosuave.com/articles/at/how-to-be-the-most-exciting-man-in-the-room.htm;False;
https://www.sosuave.com/articles/exf/5-things-you-must-do-if-you-ever-want-your-ex-girlfriend-back.htm;True;True;200;https://www.sosuave.com/articles/exf/5-things-you-must-do-if-you-ever-want-your-ex-girlfriend-back.htm;False;
https://www.sosuave.com/articles/at/chivalry-is-not-dead-just-misunderstood.htm;True;True;200;https://www.sosuave.com/articles/at/chivalry-is-not-dead-just-misunderstood.htm;False;
https://www.sosuave.com/articles/am/how-to-start-a-conversation-with-a-woman.htm;True;True;200;https://www.sosuave.com/articles/am/how-to-start-a-conversation-with-a-woman.htm;False;
https://www.sosuave.com/articles/at/nice-guys-guide-to-becoming-more-alpha-and-getting-laid.htm;True;True;200;https://www.sosuave.com/articles/at/nice-guys-guide-to-becoming-more-alpha-and-getting-laid.htm;False;
https://www.sosuave.com/rondavid/86-how-to-fill-your-life-with-women.htm;True;True;200;https://www.sosuave.com/rondavid/86-how-to-fill-your-life-with-women.htm;False;
https://www.sosuave.com/articles/at/jobs-that-get-you-women-and-those-that-make-sure-you-die-alone.htm;True;True;200;https://www.sosuave.com/articles/at/jobs-that-get-you-women-and-those-that-make-sure-you-die-alone.htm;False;
https://www.sosuave.com/articles/at/5-steps-to-close-gap-and-dominate-with-women.htm;True;True;200;https://www.sosuave.com/articles/at/5-steps-to-close-gap-and-dominate-with-women.htm;False;
https://www.sosuave.com/articles/at/why-emotional-control-attracts-women.htm;True;True;200;https://www.sosuave.com/articles/at/why-emotional-control-attracts-women.htm;False;
https://www.sosuave.com/articles/talk/how-to-have-great-conversations-with-women.htm;True;True;200;https://www.sosuave.com/articles/talk/how-to-have-great-conversations-with-women.htm;False;
https://www.sosuave.com/rondavid/87-how-to-increase-the-sexual-tension-with-a-woman.htm;True;True;200;https://www.sosuave.com/rondavid/87-how-to-increase-the-sexual-tension-with-a-woman.htm;False;
https://www.sosuave.com/articles/at/why-nice-guys-finish-last-with-women.htm;True;True;200;https://www.sosuave.com/articles/at/why-nice-guys-finish-last-with-women.htm;False;
https://www.sosuave.com/articles/drama.htm;True;True;200;https://www.sosuave.com/articles/drama.htm;False;
https://www.sosuave.com/articles/at/7-clear-signs-she-likes-you.htm;True;True;200;https://www.sosuave.com/articles/at/7-clear-signs-she-likes-you.htm;False;
https://www.sosuave.com/articles/am/alpha-male-body-language.htm;True;True;200;https://www.sosuave.com/articles/am/alpha-male-body-language.htm;False;
https://www.sosuave.com/articles/at/signs-shes-using-you.htm;True;True;200;https://www.sosuave.com/articles/at/signs-shes-using-you.htm;False;
https://www.sosuave.com/articles/at/why-men-get-dumped.htm;True;True;200;https://www.sosuave.com/articles/at/why-men-get-dumped.htm;False;
https://www.sosuave.com/articles/at/powerful.htm;True;True;200;https://www.sosuave.com/articles/at/powerful.htm;False;
https://www.sosuave.com/articles/at/kiss.htm;True;True;200;https://www.sosuave.com/articles/at/kiss.htm;False;
https://www.sosuave.com/articles/tao/how-to-make-out-with-a-girl.htm;True;True;200;https://www.sosuave.com/articles/tao/how-to-make-out-with-a-girl.htm;False;
https://www.sosuave.com/articles/jv/how-to-make-women-chase-you.htm;True;True;200;https://www.sosuave.com/articles/jv/how-to-make-women-chase-you.htm;False;
https://www.sosuave.com/articles/5-exciting-dates-that-will-get-her-endorphins-flowing.htm;True;True;200;https://www.sosuave.com/articles/5-exciting-dates-that-will-get-her-endorphins-flowing.htm;False;
https://www.sosuave.com/articles/when-a-woman-starts-to-pull-away.htm;True;True;200;https://www.sosuave.com/articles/when-a-woman-starts-to-pull-away.htm;False;
https://www.sosuave.com/articles/how-to-tease-a-girl-into-liking-you.htm;True;True;200;https://www.sosuave.com/articles/how-to-tease-a-girl-into-liking-you.htm;False;
https://www.sosuave.com/articles/dating-a-girl-who-loves-video-games.htm;True;True;200;https://www.sosuave.com/articles/dating-a-girl-who-loves-video-games.htm;False;
https://www.sosuave.com/articles/ignoring-a-girl-to-attract-her.htm;True;True;200;https://www.sosuave.com/articles/ignoring-a-girl-to-attract-her.htm;False;
https://www.sosuave.com/articles/am/create-deep-connection-woman-first-date.htm;True;True;200;https://www.sosuave.com/articles/am/create-deep-connection-woman-first-date.htm;False;
https://www.sosuave.com/articles/4-ways-to-feel-confident-on-a-date.htm;True;True;200;https://www.sosuave.com/articles/4-ways-to-feel-confident-on-a-date.htm;False;
https://www.sosuave.com/articles/sf/top10.htm;True;True;200;https://www.sosuave.com/articles/sf/top10.htm;False;
https://www.sosuave.com/articles/jr/why-your-cold-approach-game-isnt-working.htm;True;True;200;https://www.sosuave.com/articles/jr/why-your-cold-approach-game-isnt-working.htm;False;
https://www.sosuave.com/articles/os/lastthing.htm;True;True;200;https://www.sosuave.com/articles/os/lastthing.htm;False;
https://www.sosuave.com/articles/tao/what-makes-a-guy-hot.htm;True;True;200;https://www.sosuave.com/articles/tao/what-makes-a-guy-hot.htm;False;
https://www.sosuave.com/articles/am/3-things-women-find-physically-attractive-in-men.htm;True;True;200;https://www.sosuave.com/articles/am/3-things-women-find-physically-attractive-in-men.htm;False;
https://www.sosuave.com/articles/howtotell.htm;True;True;200;https://www.sosuave.com/articles/howtotell.htm;False;
https://www.sosuave.com/rondavid/84-how-to-overcome-your-fear-of-dating-women.htm;True;True;200;https://www.sosuave.com/rondavid/84-how-to-overcome-your-fear-of-dating-women.htm;False;
https://www.sosuave.com/articles/7-body-language-secrets-that-attract-women.htm;True;True;200;https://www.sosuave.com/articles/7-body-language-secrets-that-attract-women.htm;False;
https://www.sosuave.com/articles/jj/what-to-say-and-do-when-women-criticize-you.htm;True;True;200;https://www.sosuave.com/articles/jj/what-to-say-and-do-when-women-criticize-you.htm;False;
https://www.sosuave.com/articles/exf/how-to-get-your-ex-girlfriend-to-sleep-with-you.htm;True;True;200;https://www.sosuave.com/articles/exf/how-to-get-your-ex-girlfriend-to-sleep-with-you.htm;False;
https://www.sosuave.com/articles/best-ways-to-start-a-conversation-with-a-girl.htm;True;True;200;https://www.sosuave.com/articles/best-ways-to-start-a-conversation-with-a-girl.htm;False;
https://www.sosuave.com/articles/tips-for-looking-your-suavest-self-on-a-first-date.htm;True;True;200;https://www.sosuave.com/articles/tips-for-looking-your-suavest-self-on-a-first-date.htm;False;
https://www.sosuave.com/articles/talk/6-conversation-mistakes-you-make-with-women.htm;True;True;200;https://www.sosuave.com/articles/talk/6-conversation-mistakes-you-make-with-women.htm;False;
https://www.sosuave.com/articles/boyfriend-social-experiment.htm;True;True;200;https://www.sosuave.com/articles/boyfriend-social-experiment.htm;False;
https://www.sosuave.com/articles/aoa/thekey.htm;True;True;200;https://www.sosuave.com/articles/aoa/thekey.htm;False;
https://www.sosuave.com/articles/at/magic.htm;True;True;200;https://www.sosuave.com/articles/at/magic.htm;False;
https://www.sosuave.com/articles/how-to-connect-with-your-partners-spiritual-side.htm;True;True;200;https://www.sosuave.com/articles/how-to-connect-with-your-partners-spiritual-side.htm;False;
https://www.sosuave.com/articles/talktowomen.htm;True;True;200;https://www.sosuave.com/articles/talktowomen.htm;False;
https://www.sosuave.com/articles/at/how-to-get-a-woman-to-respect-you.htm;True;True;200;https://www.sosuave.com/articles/at/how-to-get-a-woman-to-respect-you.htm;False;
https://www.sosuave.com/articles/is-it-time-to-buy-your-girl-her-first-diamond.htm;True;True;200;https://www.sosuave.com/articles/is-it-time-to-buy-your-girl-her-first-diamond.htm;False;
https://www.sosuave.com/articles/jr/change-your-routine-to-get-newfound-dating-results.htm;True;True;200;https://www.sosuave.com/articles/jr/change-your-routine-to-get-newfound-dating-results.htm;False;
https://www.sosuave.com/rondavid/66-talking-to-women.htm;True;True;200;https://www.sosuave.com/rondavid/66-talking-to-women.htm;False;
https://www.sosuave.com/articles/am/alpha.htm;True;True;200;https://www.sosuave.com/articles/am/alpha.htm;False;
https://www.sosuave.com/articles/ss/hook.htm;True;True;200;https://www.sosuave.com/articles/ss/hook.htm;False;
https://www.sosuave.com/articles/why-women-think-tattoos-are-hot.htm;True;True;200;https://www.sosuave.com/articles/why-women-think-tattoos-are-hot.htm;False;
https://www.sosuave.com/rondavid/79-becoming-successful-seducer-is-easeir-than-you-think.htm;True;True;200;https://www.sosuave.com/rondavid/79-becoming-successful-seducer-is-easeir-than-you-think.htm;False;
https://www.sosuave.com/articles/9-reasons-older-women-dating-younger-guys.htm;True;True;200;https://www.sosuave.com/articles/9-reasons-older-women-dating-younger-guys.htm;False;
https://www.sosuave.com/articles/step-by-step-guide-to-perfect-approach.htm;True;True;200;https://www.sosuave.com/articles/step-by-step-guide-to-perfect-approach.htm;False;
https://www.sosuave.com/articles/jr/3-proven-ways-to-get-her-to-pursue-you.htm;True;True;200;https://www.sosuave.com/articles/jr/3-proven-ways-to-get-her-to-pursue-you.htm;False;
https://www.sosuave.com/articles/can-love-the-second-time-around-be-better.htm;True;True;200;https://www.sosuave.com/articles/can-love-the-second-time-around-be-better.htm;False;
https://www.sosuave.com/articles/become-more-confident-around-women.htm;True;True;200;https://www.sosuave.com/articles/become-more-confident-around-women.htm;False;
https://www.sosuave.com/articles/30datingrules.htm;True;True;200;https://www.sosuave.com/articles/30datingrules.htm;False;
https://www.sosuave.com/rondavid/81-stop-spending-so-much-money-on-women.htm;True;True;200;https://www.sosuave.com/rondavid/81-stop-spending-so-much-money-on-women.htm;False;
https://www.sosuave.com/articles/can-womans-fashion-signal-shes-flirting-with-you.htm;True;True;200;https://www.sosuave.com/articles/can-womans-fashion-signal-shes-flirting-with-you.htm;False;
https://www.sosuave.com/articles/jr/4-simple-steps-to-attract-her-to-you.htm;True;True;200;https://www.sosuave.com/articles/jr/4-simple-steps-to-attract-her-to-you.htm;False;
https://www.sosuave.com/articles/are-personality-types-important-when-dating.htm;True;True;200;https://www.sosuave.com/articles/are-personality-types-important-when-dating.htm;False;
https://www.sosuave.com/articles/confusing.htm;True;True;200;https://www.sosuave.com/articles/confusing.htm;False;
https://www.sosuave.com/articles/tao/how-to-kiss-girl-without-rejection.htm;True;True;200;https://www.sosuave.com/articles/tao/how-to-kiss-girl-without-rejection.htm;False;
https://www.sosuave.com/articles/how-to-barry-white-your-house.htm;True;True;200;https://www.sosuave.com/articles/how-to-barry-white-your-house.htm;False;
https://www.sosuave.com/articles/at/lookinto.htm;True;True;200;https://www.sosuave.com/articles/at/lookinto.htm;False;
https://www.sosuave.com/articles/how-to-touch-a-woman-like-a-man.htm;True;True;200;https://www.sosuave.com/articles/how-to-touch-a-woman-like-a-man.htm;False;
https://www.sosuave.com/articles/jobs-that-make-you-more-attractive-to-women.htm;True;True;200;https://www.sosuave.com/articles/jobs-that-make-you-more-attractive-to-women.htm;False;
https://www.sosuave.com/articles/at/how-to-lose-a-woman-fast.htm;True;True;200;https://www.sosuave.com/articles/at/how-to-lose-a-woman-fast.htm;False;
https://www.sosuave.com/rondavid/85-how-to-talk-to-women-with-confidence.htm;True;True;200;https://www.sosuave.com/rondavid/85-how-to-talk-to-women-with-confidence.htm;False;
https://www.sosuave.com/articles/jv/how-to-bounce-back-from-divorce-date-hot-women.htm;True;True;200;https://www.sosuave.com/articles/jv/how-to-bounce-back-from-divorce-date-hot-women.htm;False;
https://www.sosuave.com/articles/ss/state.htm;True;True;200;https://www.sosuave.com/articles/ss/state.htm;False;
https://www.sosuave.com/articles/at/converse.htm;True;True;200;https://www.sosuave.com/articles/at/converse.htm;False;
https://www.sosuave.com/articles/hsm/lust.htm;True;True;200;https://www.sosuave.com/articles/hsm/lust.htm;False;
https://www.sosuave.com/articles/at/check.htm;True;True;200;https://www.sosuave.com/articles/at/check.htm;False;
https://www.sosuave.com/articles/popular-bar-games-you-can-enjoy-with-your-girlfriend.htm;True;True;200;https://www.sosuave.com/articles/popular-bar-games-you-can-enjoy-with-your-girlfriend.htm;False;
https://www.sosuave.com/articles/eliminate-neediness-and-desperation.htm;True;True;200;https://www.sosuave.com/articles/eliminate-neediness-and-desperation.htm;False;
https://www.sosuave.com/articles/goals.htm;True;True;200;https://www.sosuave.com/articles/goals.htm;False;
https://www.sosuave.com/articles/why-your-dog-best-wingman-you-could-ever-have.htm;True;True;200;https://www.sosuave.com/articles/why-your-dog-best-wingman-you-could-ever-have.htm;False;
https://www.sosuave.com/articles/at/how-to-make-a-woman-salivate-for-you.htm;True;True;200;https://www.sosuave.com/articles/at/how-to-make-a-woman-salivate-for-you.htm;False;
https://www.sosuave.com/articles/at/body.htm;True;True;200;https://www.sosuave.com/articles/at/body.htm;False;
https://www.sosuave.com/articles/never.htm;True;True;200;https://www.sosuave.com/articles/never.htm;False;
https://www.sosuave.com/rondavid/82-magnetic-power-of-disagreeing-with-women.htm;True;True;200;https://www.sosuave.com/rondavid/82-magnetic-power-of-disagreeing-with-women.htm;False;
https://www.sosuave.com/articles/flirting.htm;True;True;200;https://www.sosuave.com/articles/flirting.htm;False;
https://www.sosuave.com/rondavid/74-increase-your-success-with-women.htm;True;True;200;https://www.sosuave.com/rondavid/74-increase-your-success-with-women.htm;False;
https://www.sosuave.com/articles/bachelor.htm;True;True;200;https://www.sosuave.com/articles/bachelor.htm;False;
https://www.sosuave.com/rondavid/70-she-has-a-boyfriend.htm;True;True;200;https://www.sosuave.com/rondavid/70-she-has-a-boyfriend.htm;False;
https://www.sosuave.com/articles/charm.htm;True;True;200;https://www.sosuave.com/articles/charm.htm;False;
https://www.sosuave.com/articles/tao/how-to-avoid-awkward-silences-when-talking-to-a-woman.htm;True;True;200;https://www.sosuave.com/articles/tao/how-to-avoid-awkward-silences-when-talking-to-a-woman.htm;False;
https://www.sosuave.com/articles/aoa/todateyou.htm;True;True;200;https://www.sosuave.com/articles/aoa/todateyou.htm;False;
https://www.sosuave.com/articles/dl/doc1.htm;True;True;200;https://www.sosuave.com/articles/dl/doc1.htm;False;
https://www.sosuave.com/articles/how-to-dress-for-a-fancy-first-date.htm;True;True;200;https://www.sosuave.com/articles/how-to-dress-for-a-fancy-first-date.htm;False;
https://www.sosuave.com/articles/rejection.htm;True;True;200;https://www.sosuave.com/articles/rejection.htm;False;
https://www.sosuave.com/rondavid/75-how-to-ask-out-waitresses-and-bartenders.htm;True;True;200;https://www.sosuave.com/rondavid/75-how-to-ask-out-waitresses-and-bartenders.htm;False;
https://www.sosuave.com/articles/how-can-meditation-get-you-in-the-mood-for-love.htm;True;True;200;https://www.sosuave.com/articles/how-can-meditation-get-you-in-the-mood-for-love.htm;False;
https://www.sosuave.com/articles/about.htm;True;True;200;https://www.sosuave.com/articles/about.htm;False;
https://www.sosuave.com/articles/at/intimacy.htm;True;True;200;https://www.sosuave.com/articles/at/intimacy.htm;False;
https://www.sosuave.com/articles/formula.htm;True;True;200;https://www.sosuave.com/articles/formula.htm;False;
https://www.sosuave.com/articles/mag/7-deadly-texting-mistakes.htm;True;True;200;https://www.sosuave.com/articles/mag/7-deadly-texting-mistakes.htm;False;
https://www.sosuave.com/articles/at/use-physiological-arousal-to-turn-your-female-friend-into-your-girlfriend.htm;True;True;200;https://www.sosuave.com/articles/at/use-physiological-arousal-to-turn-your-female-friend-into-your-girlfriend.htm;False;
https://www.sosuave.com/articles/sharer.htm;True;True;200;https://www.sosuave.com/articles/sharer.htm;False;
https://www.sosuave.com/rondavid/68-dating-younger-women.htm;True;True;200;https://www.sosuave.com/rondavid/68-dating-younger-women.htm;False;
https://www.sosuave.com/articles/at/make-her-like-you-more.htm;True;True;200;https://www.sosuave.com/articles/at/make-her-like-you-more.htm;False;
https://www.sosuave.com/articles/shyness.htm;True;True;200;https://www.sosuave.com/articles/shyness.htm;False;
https://www.sosuave.com/articles/there.htm;True;True;200;https://www.sosuave.com/articles/there.htm;False;
https://www.sosuave.com/articles/talk/what-to-talk-about-with-a-woman.htm;True;True;200;https://www.sosuave.com/articles/talk/what-to-talk-about-with-a-woman.htm;False;
https://www.sosuave.com/articles/stop.htm;True;True;200;https://www.sosuave.com/articles/stop.htm;False;
https://www.sosuave.com/articles/at/nervous.htm;True;True;200;https://www.sosuave.com/articles/at/nervous.htm;False;
https://www.sosuave.com/articles/lessons.htm;True;True;200;https://www.sosuave.com/articles/lessons.htm;False;
https://www.sosuave.com/articles/dl/doc2.htm;True;True;200;https://www.sosuave.com/articles/dl/doc2.htm;False;
https://www.sosuave.com/articles/at/investing.htm;True;True;200;https://www.sosuave.com/articles/at/investing.htm;False;
https://www.sosuave.com/rondavid/83-why-women-love-bad-boys-and-jerks.htm;True;True;200;https://www.sosuave.com/rondavid/83-why-women-love-bad-boys-and-jerks.htm;False;
https://www.sosuave.com/articles/talk/how-to-make-small-talk-with-women.htm;True;True;200;https://www.sosuave.com/articles/talk/how-to-make-small-talk-with-women.htm;False;
https://www.sosuave.com/articles/dating-with-autism-tips-to-have-a-great-first-date.htm;True;True;200;https://www.sosuave.com/articles/dating-with-autism-tips-to-have-a-great-first-date.htm;False;
https://www.sosuave.com/articles/goodsex.htm;True;True;200;https://www.sosuave.com/articles/goodsex.htm;False;
https://www.sosuave.com/articles/side-stepping-scammers-in-the-world-of-online-dating.htm;True;True;200;https://www.sosuave.com/articles/side-stepping-scammers-in-the-world-of-online-dating.htm;False;
https://www.sosuave.com/articles/wingman.htm;True;True;200;https://www.sosuave.com/articles/wingman.htm;False;
https://www.sosuave.com/articles/three.htm;True;True;200;https://www.sosuave.com/articles/three.htm;False;
https://www.sosuave.com/articles/dance.htm;True;True;200;https://www.sosuave.com/articles/dance.htm;False;
https://www.sosuave.com/articles/firstmove.htm;True;True;200;https://www.sosuave.com/articles/firstmove.htm;False;
https://www.sosuave.com/articles/netromance.htm;True;True;200;https://www.sosuave.com/articles/netromance.htm;False;
https://www.sosuave.com/articles/at/what-you-need-to-do-before-your-big-date-with-a-woman.htm;True;True;200;https://www.sosuave.com/articles/at/what-you-need-to-do-before-your-big-date-with-a-woman.htm;False;
https://www.sosuave.com/articles/confidence.htm;True;True;200;https://www.sosuave.com/articles/confidence.htm;False;
https://www.sosuave.com/articles/volunteer.htm;True;True;200;https://www.sosuave.com/articles/volunteer.htm;False;
https://www.sosuave.com/articles/geeks.htm;True;True;200;https://www.sosuave.com/articles/geeks.htm;False;
https://www.sosuave.com/articles/presence.htm;True;True;200;https://www.sosuave.com/articles/presence.htm;False;
https://www.sosuave.com/articles/thetest.htm;True;True;200;https://www.sosuave.com/articles/thetest.htm;False;
https://www.sosuave.com/articles/at/perfect.htm;True;True;200;https://www.sosuave.com/articles/at/perfect.htm;False;
https://www.sosuave.com/articles/posture.htm;True;True;200;https://www.sosuave.com/articles/posture.htm;False;
https://www.sosuave.com/articles/talk/how-to-make-girls-laugh.htm;True;True;200;https://www.sosuave.com/articles/talk/how-to-make-girls-laugh.htm;False;
https://www.sosuave.com/articles/17.htm;True;True;200;https://www.sosuave.com/articles/17.htm;False;
https://www.sosuave.com/articles/massage.htm;True;True;200;https://www.sosuave.com/articles/massage.htm;False;
https://www.sosuave.com/articles/at/just-be-yourself-is-bad-advice.htm;True;True;200;https://www.sosuave.com/articles/at/just-be-yourself-is-bad-advice.htm;False;
https://www.sosuave.com/articles/email.htm;True;True;200;https://www.sosuave.com/articles/email.htm;False;
https://www.sosuave.com/articles/aoa/meet-women-at-the-gym.htm;True;True;200;https://www.sosuave.com/articles/aoa/meet-women-at-the-gym.htm;False;
https://www.sosuave.com/articles/exf/why-you-lost-your-girlfriend-and-how-to-get-her-back.htm;True;True;200;https://www.sosuave.com/articles/exf/why-you-lost-your-girlfriend-and-how-to-get-her-back.htm;False;
https://www.sosuave.com/articles/phobia.htm;True;True;200;https://www.sosuave.com/articles/phobia.htm;False;
https://www.sosuave.com/articles/strippers.htm;True;True;200;https://www.sosuave.com/articles/strippers.htm;False;
https://www.sosuave.com/articles/at/intrigue.htm;True;True;200;https://www.sosuave.com/articles/at/intrigue.htm;False;
https://www.sosuave.com/articles/what-should-you-do-if-she-is-in-debt.htm;True;True;200;https://www.sosuave.com/articles/what-should-you-do-if-she-is-in-debt.htm;False;
https://www.sosuave.com/articles/aoa/easy.htm;True;True;200;https://www.sosuave.com/articles/aoa/easy.htm;False;
https://www.sosuave.com/articles/approached.htm;True;True;200;https://www.sosuave.com/articles/approached.htm;False;
https://www.sosuave.com/articles/therapist.htm;True;True;200;https://www.sosuave.com/articles/therapist.htm;False;
https://www.sosuave.com/rondavid/64.htm;True;True;200;https://www.sosuave.com/rondavid/64.htm;False;
https://www.sosuave.com/articles/treadmill.htm;True;True;200;https://www.sosuave.com/articles/treadmill.htm;False;
https://www.sosuave.com/articles/close.htm;True;True;200;https://www.sosuave.com/articles/close.htm;False;
https://www.sosuave.com/articles/objections.htm;True;True;200;https://www.sosuave.com/articles/objections.htm;False;
https://www.sosuave.com/articles/at/anger.htm;True;True;200;https://www.sosuave.com/articles/at/anger.htm;False;
https://www.sosuave.com/articles/romance-is-all-in-the-small-details.htm;True;True;200;https://www.sosuave.com/articles/romance-is-all-in-the-small-details.htm;False;
https://www.sosuave.com/articles/at/persistence.htm;True;True;200;https://www.sosuave.com/articles/at/persistence.htm;False;
https://www.sosuave.com/articles/dl/doc325.htm;True;True;200;https://www.sosuave.com/articles/dl/doc325.htm;False;
https://www.sosuave.com/articles/aoa/watchtheeyes.htm;True;True;200;https://www.sosuave.com/articles/aoa/watchtheeyes.htm;False;
https://www.sosuave.com/articles/space.htm;True;True;200;https://www.sosuave.com/articles/space.htm;False;
https://www.sosuave.com/articles/triple.htm;True;True;200;https://www.sosuave.com/articles/triple.htm;False;
https://www.sosuave.com/articles/overreact.htm;True;True;200;https://www.sosuave.com/articles/overreact.htm;False;
https://www.sosuave.com/articles/phenomenal.htm;True;True;200;https://www.sosuave.com/articles/phenomenal.htm;False;
https://www.sosuave.com/articles/divide.htm;True;True;200;https://www.sosuave.com/articles/divide.htm;False;
https://www.sosuave.com/articles/neghits.htm;True;True;200;https://www.sosuave.com/articles/neghits.htm;False;
https://www.sosuave.com/articles/jv/how-to-pull-super-beautiful-women-online.htm;True;True;200;https://www.sosuave.com/articles/jv/how-to-pull-super-beautiful-women-online.htm;False;
https://www.sosuave.com/articles/at/how-to-approach-a-woman-and-start-a-conversation.htm;True;True;200;https://www.sosuave.com/articles/at/how-to-approach-a-woman-and-start-a-conversation.htm;False;
https://www.sosuave.com/rondavid/62-getting-women-approach-you.htm;True;True;200;https://www.sosuave.com/rondavid/62-getting-women-approach-you.htm;False;
https://www.sosuave.com/articles/aoa/aftercollege.htm;True;True;200;https://www.sosuave.com/articles/aoa/aftercollege.htm;False;
https://www.sosuave.com/articles/points.htm;True;True;200;https://www.sosuave.com/articles/points.htm;False;
https://www.sosuave.com/articles/talk/common-mistakes-men-make-when-talking-to-women.htm;True;True;200;https://www.sosuave.com/articles/talk/common-mistakes-men-make-when-talking-to-women.htm;False;
https://www.sosuave.com/articles/tantric.htm;True;True;200;https://www.sosuave.com/articles/tantric.htm;False;
https://www.sosuave.com/articles/dl/doc326.htm;True;True;200;https://www.sosuave.com/articles/dl/doc326.htm;False;
https://www.sosuave.com/articles/aoa/trust.htm;True;True;200;https://www.sosuave.com/articles/aoa/trust.htm;False;
https://www.sosuave.com/articles/firstimp.htm;True;True;200;https://www.sosuave.com/articles/firstimp.htm;False;
https://www.sosuave.com/articles/givethem.htm;True;True;200;https://www.sosuave.com/articles/givethem.htm;False;
https://www.sosuave.com/articles/what-can-you-learn-about-woman-from-car-she-drives.htm;True;True;200;https://www.sosuave.com/articles/what-can-you-learn-about-woman-from-car-she-drives.htm;False;
https://www.sosuave.com/articles/jj/questions.htm;True;True;200;https://www.sosuave.com/articles/jj/questions.htm;False;
https://www.sosuave.com/articles/mental.htm;True;True;200;https://www.sosuave.com/articles/mental.htm;False;
https://www.sosuave.com/articles/direction.htm;True;True;200;https://www.sosuave.com/articles/direction.htm;False;
https://www.sosuave.com/articles/aoa/night.htm;True;True;200;https://www.sosuave.com/articles/aoa/night.htm;False;
https://www.sosuave.com/articles/haggling.htm;True;True;200;https://www.sosuave.com/articles/haggling.htm;False;
https://www.sosuave.com/articles/threethings.htm;True;True;200;https://www.sosuave.com/articles/threethings.htm;False;
https://www.sosuave.com/articles/shopping.htm;True;True;200;https://www.sosuave.com/articles/shopping.htm;False;
https://www.sosuave.com/articles/talking.htm;True;True;200;https://www.sosuave.com/articles/talking.htm;False;
https://www.sosuave.com/articles/seven.htm;True;True;200;https://www.sosuave.com/articles/seven.htm;False;
https://www.sosuave.com/articles/street.htm;True;True;200;https://www.sosuave.com/articles/street.htm;False;
https://www.sosuave.com/articles/shygirls.htm;True;True;200;https://www.sosuave.com/articles/shygirls.htm;False;
https://www.sosuave.com/articles/meetwomen.htm;True;True;200;https://www.sosuave.com/articles/meetwomen.htm;False;
https://www.sosuave.com/articles/dl/doc327.htm;True;True;200;https://www.sosuave.com/articles/dl/doc327.htm;False;
https://www.sosuave.com/articles/platonic.htm;True;True;200;https://www.sosuave.com/articles/platonic.htm;False;
https://www.sosuave.com/articles/longtermrelationship.htm;True;True;200;https://www.sosuave.com/articles/longtermrelationship.htm;False;
https://www.sosuave.com/articles/awkward.htm;True;True;200;https://www.sosuave.com/articles/awkward.htm;False;
https://www.sosuave.com/articles/ss/screening.htm;True;True;200;https://www.sosuave.com/articles/ss/screening.htm;False;
https://www.sosuave.com/articles/boyfriend.htm;True;True;200;https://www.sosuave.com/articles/boyfriend.htm;False;
https://www.sosuave.com/articles/sexmaster.htm;True;True;200;https://www.sosuave.com/articles/sexmaster.htm;False;
https://www.sosuave.com/rondavid/succeed58.htm;True;True;200;https://www.sosuave.com/rondavid/succeed58.htm;False;
https://www.sosuave.com/articles/am/trust.htm;True;True;200;https://www.sosuave.com/articles/am/trust.htm;False;
https://www.sosuave.com/articles/getrich.htm;True;True;200;https://www.sosuave.com/articles/getrich.htm;False;
https://www.sosuave.com/articles/ss/steps.htm;True;True;200;https://www.sosuave.com/articles/ss/steps.htm;False;
https://www.sosuave.com/articles/am/4keys.htm;True;True;200;https://www.sosuave.com/articles/am/4keys.htm;False;
https://www.sosuave.com/articles/ss/whatwhen.htm;True;True;200;https://www.sosuave.com/articles/ss/whatwhen.htm;False;
https://www.sosuave.com/articles/5girls.htm;True;True;200;https://www.sosuave.com/articles/5girls.htm;False;
https://www.sosuave.com/articles/starting.htm;True;True;200;https://www.sosuave.com/articles/starting.htm;False;
https://www.sosuave.com/articles/killer.htm;True;True;200;https://www.sosuave.com/articles/killer.htm;False;
https://www.sosuave.com/articles/am/hands.htm;True;True;200;https://www.sosuave.com/articles/am/hands.htm;False;
https://www.sosuave.com/articles/desperado.htm;True;True;200;https://www.sosuave.com/articles/desperado.htm;False;
https://www.sosuave.com/articles/aoa/destroy.htm;True;True;200;https://www.sosuave.com/articles/aoa/destroy.htm;False;
https://www.sosuave.com/rondavid/succeed57.htm;True;True;200;https://www.sosuave.com/rondavid/succeed57.htm;False;
https://www.sosuave.com/articles/how-to-deal-with-stress-spillover-in-your-relationship.htm;True;True;200;https://www.sosuave.com/articles/how-to-deal-with-stress-spillover-in-your-relationship.htm;False;
https://www.sosuave.com/articles/strategies.htm;True;True;200;https://www.sosuave.com/articles/strategies.htm;False;
https://www.sosuave.com/articles/talk/9-tips-to-keep-a-conversation-going-with-a-woman.htm;True;True;200;https://www.sosuave.com/articles/talk/9-tips-to-keep-a-conversation-going-with-a-woman.htm;False;
https://www.sosuave.com/articles/25years.htm;True;True;200;https://www.sosuave.com/articles/25years.htm;False;
https://www.sosuave.com/articles/am/tolikeyou.htm;True;True;200;https://www.sosuave.com/articles/am/tolikeyou.htm;False;
https://www.sosuave.com/articles/escaping.htm;True;True;200;https://www.sosuave.com/articles/escaping.htm;False;
https://www.sosuave.com/articles/dl/doc328.htm;True;True;200;https://www.sosuave.com/articles/dl/doc328.htm;False;
https://www.sosuave.com/articles/girlsgo.htm;True;True;200;https://www.sosuave.com/articles/girlsgo.htm;False;
https://www.sosuave.com/articles/whatwomenwant.htm;True;True;200;https://www.sosuave.com/articles/whatwomenwant.htm;False;
https://www.sosuave.com/articles/ss/relaxed.htm;True;True;200;https://www.sosuave.com/articles/ss/relaxed.htm;False;
https://www.sosuave.com/articles/bodylanguage.htm;True;True;200;https://www.sosuave.com/articles/bodylanguage.htm;False;
https://www.sosuave.com/articles/aoa/beautiful.htm;True;True;200;https://www.sosuave.com/articles/aoa/beautiful.htm;False;
https://www.sosuave.com/articles/why.htm;True;True;200;https://www.sosuave.com/articles/why.htm;False;
https://www.sosuave.com/articles/choose.htm;True;True;200;https://www.sosuave.com/articles/choose.htm;False;
https://www.sosuave.com/articles/being-artistic-can-make-you-more-attractive-creative-side.htm;True;True;200;https://www.sosuave.com/articles/being-artistic-can-make-you-more-attractive-creative-side.htm;False;
https://www.sosuave.com/articles/am/notscrewup.htm;True;True;200;https://www.sosuave.com/articles/am/notscrewup.htm;False;
https://www.sosuave.com/articles/talk/how-to-calm-your-nerves-when-talking-to-a-woman.htm;True;True;200;https://www.sosuave.com/articles/talk/how-to-calm-your-nerves-when-talking-to-a-woman.htm;False;
https://www.sosuave.com/articles/wantsyou.htm;True;True;200;https://www.sosuave.com/articles/wantsyou.htm;False;
https://www.sosuave.com/articles/skills.htm;True;True;200;https://www.sosuave.com/articles/skills.htm;False;
https://www.sosuave.com/articles/dates.htm;True;True;200;https://www.sosuave.com/articles/dates.htm;False;
https://www.sosuave.com/articles/remove.htm;True;True;200;https://www.sosuave.com/articles/remove.htm;False;
https://www.sosuave.com/rondavid/succeed52.htm;True;True;200;https://www.sosuave.com/rondavid/succeed52.htm;False;
https://www.sosuave.com/articles/communication.htm;True;True;200;https://www.sosuave.com/articles/communication.htm;False;
https://www.sosuave.com/articles/special.htm;True;True;200;https://www.sosuave.com/articles/special.htm;False;
https://www.sosuave.com/articles/aoa/terrible.htm;True;True;200;https://www.sosuave.com/articles/aoa/terrible.htm;False;
https://www.sosuave.com/articles/spinning.htm;True;True;200;https://www.sosuave.com/articles/spinning.htm;False;
https://www.sosuave.com/articles/rude.htm;True;True;200;https://www.sosuave.com/articles/rude.htm;False;
https://www.sosuave.com/articles/5minutes.htm;True;True;200;https://www.sosuave.com/articles/5minutes.htm;False;
https://www.sosuave.com/articles/authenticity.htm;True;True;200;https://www.sosuave.com/articles/authenticity.htm;False;
https://www.sosuave.com/articles/ss/reverse.htm;True;True;200;https://www.sosuave.com/articles/ss/reverse.htm;False;
https://www.sosuave.com/articles/lists.htm;True;True;200;https://www.sosuave.com/articles/lists.htm;False;
https://www.sosuave.com/articles/setting.htm;True;True;200;https://www.sosuave.com/articles/setting.htm;False;
https://www.sosuave.com/articles/aoa/opportunities.htm;True;True;200;https://www.sosuave.com/articles/aoa/opportunities.htm;False;
https://www.sosuave.com/rondavid/succeed50.htm;True;True;200;https://www.sosuave.com/rondavid/succeed50.htm;False;
https://www.sosuave.com/articles/jj/disapproval.htm;True;True;200;https://www.sosuave.com/articles/jj/disapproval.htm;False;
https://www.sosuave.com/articles/notgood.htm;True;True;200;https://www.sosuave.com/articles/notgood.htm;False;
https://www.sosuave.com/articles/impress.htm;True;True;200;https://www.sosuave.com/articles/impress.htm;False;
https://www.sosuave.com/articles/kenandbarbie.htm;True;True;200;https://www.sosuave.com/articles/kenandbarbie.htm;False;
https://www.sosuave.com/articles/netdating.htm;True;True;200;https://www.sosuave.com/articles/netdating.htm;False;
https://www.sosuave.com/articles/attitude.htm;True;True;200;https://www.sosuave.com/articles/attitude.htm;False;
https://www.sosuave.com/articles/petnames.htm;True;True;200;https://www.sosuave.com/articles/petnames.htm;False;
https://www.sosuave.com/articles/looking.htm;True;True;200;https://www.sosuave.com/articles/looking.htm;False;
https://www.sosuave.com/articles/kisser.htm;True;True;200;https://www.sosuave.com/articles/kisser.htm;False;
https://www.sosuave.com/articles/physical.htm;True;True;200;https://www.sosuave.com/articles/physical.htm;False;
https://www.sosuave.com/articles/jj/boundaries.htm;True;True;200;https://www.sosuave.com/articles/jj/boundaries.htm;False;
https://www.sosuave.com/articles/dragaway.htm;True;True;200;https://www.sosuave.com/articles/dragaway.htm;False;
https://www.sosuave.com/articles/holiday.htm;True;True;200;https://www.sosuave.com/articles/holiday.htm;False;
https://www.sosuave.com/articles/thegame.htm;True;True;200;https://www.sosuave.com/articles/thegame.htm;False;
https://www.sosuave.com/articles/aoa/dangerous.htm;True;True;200;https://www.sosuave.com/articles/aoa/dangerous.htm;False;
https://www.sosuave.com/articles/at/buymeadrink.htm;True;True;200;https://www.sosuave.com/articles/at/buymeadrink.htm;False;
https://www.sosuave.com/articles/where.htm;True;True;200;https://www.sosuave.com/articles/where.htm;False;
https://www.sosuave.com/articles/approaching.htm;True;True;200;https://www.sosuave.com/articles/approaching.htm;False;
https://www.sosuave.com/articles/jj/mysteries.htm;True;True;200;https://www.sosuave.com/articles/jj/mysteries.htm;False;
https://www.sosuave.com/articles/goodmen.htm;True;True;200;https://www.sosuave.com/articles/goodmen.htm;False;
https://www.sosuave.com/articles/aoa/unlearn.htm;True;True;200;https://www.sosuave.com/articles/aoa/unlearn.htm;False;
https://www.sosuave.com/articles/plate.htm;True;True;200;https://www.sosuave.com/articles/plate.htm;False;
https://www.sosuave.com/articles/jj/fun.htm;True;True;200;https://www.sosuave.com/articles/jj/fun.htm;False;
https://www.sosuave.com/articles/ss/connection.htm;True;True;200;https://www.sosuave.com/articles/ss/connection.htm;False;
https://www.sosuave.com/articles/trained.htm;True;True;200;https://www.sosuave.com/articles/trained.htm;False;
https://www.sosuave.com/articles/jj/womenwant.htm;True;True;200;https://www.sosuave.com/articles/jj/womenwant.htm;False;
https://www.sosuave.com/articles/top5.htm;True;True;200;https://www.sosuave.com/articles/top5.htm;False;
https://www.sosuave.com/articles/richer.htm;True;True;200;https://www.sosuave.com/articles/richer.htm;False;
https://www.sosuave.com/articles/21tips.htm;True;True;200;https://www.sosuave.com/articles/21tips.htm;False;
https://www.sosuave.com/articles/deflection.htm;True;True;200;https://www.sosuave.com/articles/deflection.htm;False;
https://www.sosuave.com/articles/harmless.htm;True;True;200;https://www.sosuave.com/articles/harmless.htm;False;
https://www.sosuave.com/articles/6secrets.htm;True;True;200;https://www.sosuave.com/articles/6secrets.htm;False;
https://www.sosuave.com/articles/school.htm;True;True;200;https://www.sosuave.com/articles/school.htm;False;
https://www.sosuave.com/articles/jj/master.htm;True;True;200;https://www.sosuave.com/articles/jj/master.htm;False;
https://www.sosuave.com/articles/faq.htm;True;True;200;https://www.sosuave.com/articles/faq.htm;False;
https://www.sosuave.com/articles/dl/doc329.htm;True;True;200;https://www.sosuave.com/articles/dl/doc329.htm;False;
https://www.sosuave.com/articles/yourprice.htm;True;True;200;https://www.sosuave.com/articles/yourprice.htm;False;
https://www.sosuave.com/articles/charisma.htm;True;True;200;https://www.sosuave.com/articles/charisma.htm;False;
https://www.sosuave.com/articles/jj/gaining.htm;True;True;200;https://www.sosuave.com/articles/jj/gaining.htm;False;
https://www.sosuave.com/articles/phonegame.htm;True;True;200;https://www.sosuave.com/articles/phonegame.htm;False;
https://www.sosuave.com/articles/challengeher.htm;True;True;200;https://www.sosuave.com/articles/challengeher.htm;False;
https://www.sosuave.com/articles/ss/sexcues.htm;True;True;200;https://www.sosuave.com/articles/ss/sexcues.htm;False;
https://www.sosuave.com/articles/afewthings.htm;True;True;200;https://www.sosuave.com/articles/afewthings.htm;False;
https://www.sosuave.com/articles/bemoreattractive.htm;True;True;200;https://www.sosuave.com/articles/bemoreattractive.htm;False;
https://www.sosuave.com/articles/kissclose.htm;True;True;200;https://www.sosuave.com/articles/kissclose.htm;False;
https://www.sosuave.com/articles/tipsheet.htm;True;True;200;https://www.sosuave.com/articles/tipsheet.htm;False;
https://www.sosuave.com/articles/jj/phrases.htm;True;True;200;https://www.sosuave.com/articles/jj/phrases.htm;False;
https://www.sosuave.com/articles/ss/paydate.htm;True;True;200;https://www.sosuave.com/articles/ss/paydate.htm;False;
https://www.sosuave.com/articles/aoa/still.htm;True;True;200;https://www.sosuave.com/articles/aoa/still.htm;False;
https://www.sosuave.com/articles/indifference.htm;True;True;200;https://www.sosuave.com/articles/indifference.htm;False;
https://www.sosuave.com/articles/ss/compliments.htm;True;True;200;https://www.sosuave.com/articles/ss/compliments.htm;False;
https://www.sosuave.com/articles/datingmistakes.htm;True;True;200;https://www.sosuave.com/articles/datingmistakes.htm;False;
https://www.sosuave.com/articles/jj/start.htm;True;True;200;https://www.sosuave.com/articles/jj/start.htm;False;
https://www.sosuave.com/articles/surfing-boost-positive-masculinity-women-find-irresistible.htm;True;True;200;https://www.sosuave.com/articles/surfing-boost-positive-masculinity-women-find-irresistible.htm;False;
https://www.sosuave.com/articles/aoa/evilwomen.htm;True;True;200;https://www.sosuave.com/articles/aoa/evilwomen.htm;False;
https://www.sosuave.com/articles/talk/5-steps-to-flirting-with-women.htm;True;True;200;https://www.sosuave.com/articles/talk/5-steps-to-flirting-with-women.htm;False;
https://www.sosuave.com/articles/turn-charm-video-dating-tips.htm;True;True;200;https://www.sosuave.com/articles/turn-charm-video-dating-tips.htm;False;
https://www.sosuave.com/articles/jv/approach-woman-online.htm;True;True;200;https://www.sosuave.com/articles/jv/approach-woman-online.htm;False;
https://www.sosuave.com/articles/jj/friends.htm;True;True;200;https://www.sosuave.com/articles/jj/friends.htm;False;
https://www.sosuave.com/articles/ss/smiling.htm;True;True;200;https://www.sosuave.com/articles/ss/smiling.htm;False;
https://www.sosuave.com/articles/friendzone.htm;True;True;200;https://www.sosuave.com/articles/friendzone.htm;False;
https://www.sosuave.com/articles/option-limitation.htm;True;True;200;https://www.sosuave.com/articles/option-limitation.htm;False;
https://www.sosuave.com/articles/jv/online-dating-emails.htm;True;True;200;https://www.sosuave.com/articles/jv/online-dating-emails.htm;False;
https://www.sosuave.com/articles/aoa/confidence.htm;True;True;200;https://www.sosuave.com/articles/aoa/confidence.htm;False;
https://www.sosuave.com/articles/jv/make-women-approach-you.htm;True;True;200;https://www.sosuave.com/articles/jv/make-women-approach-you.htm;False;
https://www.sosuave.com/articles/jv/bring-girls-home-bars-clubs.htm;True;True;200;https://www.sosuave.com/articles/jv/bring-girls-home-bars-clubs.htm;False;
https://www.sosuave.com/articles/confidence-when-approaching-women.htm;True;True;200;https://www.sosuave.com/articles/confidence-when-approaching-women.htm;False;
https://www.sosuave.com/articles/pickup-techniques-that-women-hate.htm;True;True;200;https://www.sosuave.com/articles/pickup-techniques-that-women-hate.htm;False;
https://www.sosuave.com/articles/dating-budget-without-looking-cheap.htm;True;True;200;https://www.sosuave.com/articles/dating-budget-without-looking-cheap.htm;False;
https://www.sosuave.com/articles/when-a-girl-is-too-busy-for-you.htm;True;True;200;https://www.sosuave.com/articles/when-a-girl-is-too-busy-for-you.htm;False;
https://www.sosuave.com/articles/how-to-make-a-woman-laugh.htm;True;True;200;https://www.sosuave.com/articles/how-to-make-a-woman-laugh.htm;False;
https://www.sosuave.com/news/guide/bp-01.htm;True;True;200;https://www.sosuave.com/news/guide/bp-01.htm;False;
https://www.sosuave.com/quick/3-sneaky-ways-a-woman-will-test-you.htm;True;True;200;https://www.sosuave.com/quick/3-sneaky-ways-a-woman-will-test-you.htm;False;
